-- rugby set up script
--    NAME
--     rugby_2020.sql - Create data objects for INFO20003 2020 S1 Assignment 2 schema
--
--    DESCRIPTION
--      This creates a rugby match schedule and result schema 
--      


--------------------------------
-- uncomment this section if installing on BYOD device
-- DROP SCHEMA IF EXISTS rugby;
-- CREATE SCHEMA rugby;
-- USE rugby;
-- end uncomment
--------------------------------
-- Server version	8.0.15

/*!40101 SET @OLD_CHARACTER_SET_CLIENT=@@CHARACTER_SET_CLIENT */;
/*!40101 SET @OLD_CHARACTER_SET_RESULTS=@@CHARACTER_SET_RESULTS */;
/*!40101 SET @OLD_COLLATION_CONNECTION=@@COLLATION_CONNECTION */;
 SET NAMES utf8 ;
/*!40103 SET @OLD_TIME_ZONE=@@TIME_ZONE */;
/*!40103 SET TIME_ZONE='+00:00' */;
/*!40014 SET @OLD_UNIQUE_CHECKS=@@UNIQUE_CHECKS, UNIQUE_CHECKS=0 */;
/*!40014 SET @OLD_FOREIGN_KEY_CHECKS=@@FOREIGN_KEY_CHECKS, FOREIGN_KEY_CHECKS=0 */;
/*!40101 SET @OLD_SQL_MODE=@@SQL_MODE, SQL_MODE='NO_AUTO_VALUE_ON_ZERO' */;
/*!40111 SET @OLD_SQL_NOTES=@@SQL_NOTES, SQL_NOTES=0 */;

--
-- Table structure for table club
--

DROP TABLE IF EXISTS club;
/*!40101 SET @saved_cs_client     = @@character_set_client */;
 SET character_set_client = utf8mb4 ;
CREATE TABLE club (
  ClubID int(11) NOT NULL,
  ClubName varchar(45) NOT NULL,
  Address1 varchar(45) NOT NULL,
  Address2 varchar(45) DEFAULT NULL,
  Suburb varchar(45) NOT NULL,
  Postcode char(4) NOT NULL,
  PRIMARY KEY (ClubID)
) ENGINE=InnoDB DEFAULT CHARSET=utf8mb4;
/*!40101 SET character_set_client = @saved_cs_client */;

--
-- Dumping data for table club
--

LOCK TABLES club WRITE;
/*!40000 ALTER TABLE club DISABLE KEYS */;
INSERT INTO club VALUES (1,'Melbourne University Rugby Club','H.G. Smith Oval','MacArthur Road','Parkville','3052'),(2,'Melbourne City','580 Orrong Road','','Armadale','3134'),(4,'Footscray Rugby Club','Farnsworth Avenue','','Footscray','3011'),(17,'Powerhouse Rugby','Lakeside Drive','','Albert Park','3206'),(72,'Harlequin Rugby Club','27 Power Avenue','','Ashwood','3147'),(113,'Moorabbin Rugby','Harold Caterson Reserve','92 Keys Road','Moorabbin','3189'),(291,'Animatus Rugby Club','Hendy Street Reserve','','Corio','3214'),(813,'Monash University Rugby Club','Monash University','Wellington Road','Clayton','3800');
/*!40000 ALTER TABLE club ENABLE KEYS */;
UNLOCK TABLES;

--
-- Table structure for table clubplayer
--

DROP TABLE IF EXISTS clubplayer;
/*!40101 SET @saved_cs_client     = @@character_set_client */;
 SET character_set_client = utf8mb4 ;
CREATE TABLE clubplayer (
  ClubID int(11) NOT NULL,
  PlayerID int(11) NOT NULL,
  FromDate date NOT NULL,
  ToDate date DEFAULT NULL,
  PRIMARY KEY (ClubID,PlayerID,FromDate),
  KEY fk_ClubPlayer_Player1_idx (PlayerID),
  CONSTRAINT fk_ClubPlayer_Club1 FOREIGN KEY (ClubID) REFERENCES club (ClubID),
  CONSTRAINT fk_ClubPlayer_Player1 FOREIGN KEY (PlayerID) REFERENCES player (playerid)
) ENGINE=InnoDB DEFAULT CHARSET=utf8mb4;
/*!40101 SET character_set_client = @saved_cs_client */;

--
-- Dumping data for table clubplayer
--

LOCK TABLES clubplayer WRITE;
/*!40000 ALTER TABLE clubplayer DISABLE KEYS */;
INSERT INTO clubplayer VALUES (1,101,'2017-01-26','2017-02-01'),(2,101,'2017-02-02',NULL),(1,103,'2017-01-26',NULL),(1,105,'2017-01-26',NULL),(1,107,'2017-01-26',NULL),(1,109,'2017-01-26',NULL),(1,111,'2017-01-26',NULL),(1,113,'2017-01-26',NULL),(1,115,'2017-01-26',NULL),(1,117,'2017-01-26',NULL),(1,201,'2017-01-26',NULL),(1,203,'2017-01-26',NULL),(1,205,'2017-01-26',NULL),(1,207,'2017-01-26',NULL),(1,209,'2017-01-26',NULL),(1,211,'2017-01-26',NULL),(1,213,'2017-01-26',NULL),(1,215,'2017-01-26',NULL),(1,217,'2017-01-26',NULL),(2,301,'2017-01-26',NULL),(2,303,'2017-01-26',NULL),(2,305,'2017-01-26',NULL),(2,307,'2017-01-26',NULL),(2,309,'2017-01-26',NULL),(2,311,'2017-01-26',NULL),(2,313,'2017-01-26',NULL),(2,315,'2017-01-26',NULL),(2,317,'2017-01-26',NULL),(2,401,'2017-01-26',NULL),(2,403,'2017-01-26',NULL),(2,405,'2017-01-26',NULL),(2,407,'2017-01-26',NULL),(2,409,'2017-01-26',NULL),(2,411,'2017-01-26',NULL),(2,413,'2017-01-26',NULL),(2,415,'2017-01-26',NULL),(2,417,'2017-01-26',NULL),(2,928,'2017-01-26',NULL),(4,701,'2017-01-26',NULL),(4,704,'2017-01-26',NULL),(4,707,'2017-01-26',NULL),(4,710,'2017-01-26',NULL),(4,713,'2017-01-26',NULL),(4,716,'2017-01-26',NULL),(4,719,'2017-01-26',NULL),(4,722,'2017-01-26',NULL),(4,725,'2017-01-26',NULL),(4,801,'2017-01-26',NULL),(4,804,'2017-01-26',NULL),(4,807,'2017-01-26',NULL),(4,810,'2017-01-26',NULL),(4,813,'2017-01-26',NULL),(4,816,'2017-01-26',NULL),(4,819,'2017-01-26',NULL),(4,822,'2017-01-26',NULL),(4,825,'2017-01-26',NULL),(17,501,'2017-01-26',NULL),(17,504,'2017-01-26',NULL),(17,507,'2017-01-26',NULL),(17,510,'2017-01-26',NULL),(17,513,'2017-01-26',NULL),(17,516,'2017-01-26',NULL),(17,519,'2017-01-26',NULL),(17,522,'2017-01-26',NULL),(17,525,'2017-01-26',NULL),(17,601,'2017-01-26',NULL),(17,604,'2017-01-26',NULL),(17,607,'2017-01-26',NULL),(17,610,'2017-01-26',NULL),(17,613,'2017-01-26',NULL),(17,616,'2017-01-26',NULL),(17,619,'2017-01-26',NULL),(17,622,'2017-01-26',NULL),(17,625,'2017-01-26',NULL),(72,250,'2017-01-26',NULL),(72,252,'2017-01-26',NULL),(72,254,'2017-01-26',NULL),(813,256,'2017-01-26','2017-07-07'),(2,256,'2017-07-08','2017-08-09'),(72,256,'2017-08-10',NULL),(72,258,'2017-01-26',NULL),(72,260,'2017-01-26',NULL),(72,262,'2017-01-26',NULL),(72,264,'2017-01-26',NULL),(72,266,'2017-01-26',NULL),(72,901,'2017-01-26',NULL),(72,904,'2017-01-26',NULL),(72,907,'2017-01-26',NULL),(72,910,'2017-01-26',NULL),(72,913,'2017-01-26',NULL),(72,916,'2017-01-26',NULL),(72,919,'2017-01-26',NULL),(72,922,'2017-01-26',NULL),(72,925,'2017-01-26',NULL),(113,150,'2017-01-26','2019-01-26'),(113,152,'2017-01-26',NULL),(113,154,'2017-01-26',NULL),(113,156,'2017-01-26',NULL),(113,158,'2017-01-26',NULL),(113,160,'2017-01-26',NULL),(113,162,'2017-01-26',NULL),(113,164,'2017-01-26',NULL),(113,166,'2017-01-26',NULL),(113,450,'2017-01-26',NULL),(113,452,'2017-01-26',NULL),(113,454,'2017-01-26',NULL),(113,456,'2017-01-26',NULL),(113,458,'2017-01-26',NULL),(113,460,'2017-01-26',NULL),(113,462,'2017-01-26',NULL),(113,464,'2017-01-26',NULL),(113,466,'2017-01-26',NULL),(291,551,'2017-01-26',NULL),(291,552,'2017-01-26',NULL),(291,553,'2017-01-26',NULL),(291,554,'2017-01-26',NULL),(291,555,'2017-01-26',NULL),(291,556,'2017-01-26',NULL),(291,557,'2017-01-26',NULL),(291,558,'2017-01-26',NULL),(291,559,'2017-01-26',NULL),(291,851,'2017-01-26',NULL),(291,852,'2017-01-26',NULL),(291,853,'2017-01-26',NULL),(291,854,'2017-01-26',NULL),(291,855,'2017-01-26',NULL),(291,856,'2017-01-26',NULL),(291,857,'2017-01-26',NULL),(291,858,'2017-01-26',NULL),(813,350,'2017-01-26',NULL),(813,353,'2017-01-26',NULL),(813,356,'2017-01-26',NULL),(813,359,'2017-01-26',NULL),(813,362,'2017-01-26',NULL),(813,365,'2017-01-26',NULL),(813,368,'2017-01-26',NULL),(813,371,'2017-01-26',NULL),(813,374,'2017-01-26',NULL),(813,651,'2017-01-26',NULL),(813,652,'2017-01-26',NULL),(813,653,'2017-01-26',NULL),(813,654,'2017-01-26',NULL),(813,655,'2017-01-26',NULL),(813,656,'2017-01-26',NULL),(813,657,'2017-01-26',NULL),(813,658,'2017-01-26',NULL),(813,659,'2017-01-26',NULL);
/*!40000 ALTER TABLE clubplayer ENABLE KEYS */;
UNLOCK TABLES;

--
-- Table structure for table competition
--

DROP TABLE IF EXISTS competition;
/*!40101 SET @saved_cs_client     = @@character_set_client */;
 SET character_set_client = utf8mb4 ;
CREATE TABLE competition (
  CompetitionID int(11) NOT NULL,
  CompetitionName varchar(35) NOT NULL,
  CompetitionType varchar(10) NOT NULL,
  PRIMARY KEY (CompetitionID)
) ENGINE=InnoDB DEFAULT CHARSET=utf8mb4;
/*!40101 SET character_set_client = @saved_cs_client */;

--
-- Dumping data for table competition
--

LOCK TABLES competition WRITE;
/*!40000 ALTER TABLE competition DISABLE KEYS */;
INSERT INTO competition VALUES (1,'Dewar Shield','Men'),(2,'Williams Plate','Women'),(3,'Bingham Trophy','Mixed');
/*!40000 ALTER TABLE competition ENABLE KEYS */;
UNLOCK TABLES;

--
-- Table structure for table game
--

DROP TABLE IF EXISTS game;
/*!40101 SET @saved_cs_client     = @@character_set_client */;
 SET character_set_client = utf8mb4 ;
CREATE TABLE game (
  GameID int(11) NOT NULL,
  Round int(11) NOT NULL,
  SeasonID int(11) NOT NULL,
  Team1 int(11) NOT NULL,
  Team2 int(11) NOT NULL,
  T1Score int(11) DEFAULT NULL,
  T2Score int(11) DEFAULT NULL,
  MatchDate date NOT NULL,
  MatchTime time NOT NULL,
  PRIMARY KEY (GameID),
  KEY fk_Game_Season1_idx (SeasonID),
  KEY fk_Game_Team1_idx (Team1),
  KEY fk_Game_Team2_idx (Team2),
  CONSTRAINT fk_Game_Season1 FOREIGN KEY (SeasonID) REFERENCES season (seasonid),
  CONSTRAINT fk_Game_Team1 FOREIGN KEY (Team1) REFERENCES team (teamid),
  CONSTRAINT fk_Game_Team2 FOREIGN KEY (Team2) REFERENCES team (teamid)
) ENGINE=InnoDB DEFAULT CHARSET=utf8mb4;
/*!40101 SET character_set_client = @saved_cs_client */;

--
-- Dumping data for table game
--

LOCK TABLES game WRITE;
/*!40000 ALTER TABLE game DISABLE KEYS */;
INSERT INTO game VALUES (1,1,1,1,2,12,15,'2017-10-07','14:00:00'),(2,1,1,3,4,19,6,'2017-10-07','14:00:00'),(3,1,1,5,6,7,9,'2017-10-07','14:00:00'),(4,1,1,7,8,19,25,'2017-10-07','14:15:00'),(5,2,1,1,8,22,11,'2017-10-14','14:00:00'),(6,2,1,3,6,24,5,'2017-10-14','14:00:00'),(7,2,1,5,4,14,0,'2017-10-14','14:00:00'),(8,2,1,7,2,0,0,'2017-10-14','14:15:00'),(9,3,1,1,6,0,28,'2017-10-21','14:00:00'),(10,3,1,3,8,11,12,'2017-10-21','14:00:00'),(11,3,1,5,2,6,25,'2017-10-21','14:00:00'),(12,3,1,7,4,9,0,'2017-10-21','14:15:00'),(13,4,1,1,4,0,28,'2017-10-28','14:00:00'),(14,4,1,3,2,12,28,'2017-10-28','14:00:00'),(15,4,1,5,8,12,28,'2017-10-28','14:00:00'),(16,4,1,7,6,19,14,'2017-10-28','14:15:00'),(17,5,1,2,4,41,14,'2017-10-28','14:00:00'),(18,5,1,1,3,7,12,'2017-10-28','14:00:00'),(19,5,1,6,8,14,12,'2017-10-28','14:00:00'),(20,5,1,5,7,12,12,'2017-10-28','14:15:00'),(21,6,1,1,5,5,7,'2017-11-04','14:00:00'),(22,6,1,2,6,22,11,'2017-11-04','14:00:00'),(23,6,1,3,7,41,31,'2017-11-04','14:00:00'),(24,6,1,4,8,14,26,'2017-11-04','14:00:00'),(25,7,1,1,7,12,22,'2017-11-11','14:00:00'),(26,7,1,2,8,26,15,'2017-11-11','14:00:00'),(27,7,1,3,5,12,11,'2017-11-11','14:00:00'),(28,7,1,4,6,11,13,'2017-11-11','14:15:00'),(29,1,2,9,10,11,22,'2017-10-07','13:00:00'),(30,1,2,11,12,5,41,'2017-10-07','13:00:00'),(31,1,2,13,14,0,14,'2017-10-07','13:00:00'),(32,1,2,15,16,12,12,'2017-10-07','13:15:00'),(33,2,2,9,16,15,22,'2017-10-14','13:00:00'),(34,2,2,11,14,28,14,'2017-10-14','13:00:00'),(35,2,2,13,12,28,27,'2017-10-14','13:00:00'),(36,2,2,15,10,14,5,'2017-10-14','13:15:00'),(37,3,2,9,14,25,5,'2017-10-21','13:00:00'),(38,3,2,11,16,22,19,'2017-10-21','13:00:00'),(39,3,2,13,10,24,24,'2017-10-21','13:00:00'),(40,3,2,15,12,14,11,'2017-10-21','13:15:00'),(41,4,2,9,12,19,12,'2017-10-28','13:00:00'),(42,4,2,11,10,11,19,'2017-10-28','13:00:00'),(43,4,2,13,16,5,7,'2017-10-28','13:00:00'),(44,4,2,15,14,NULL,NULL,'2017-10-28','13:15:00'),(45,5,2,10,12,12,15,'2017-10-28','13:00:00'),(46,5,2,9,11,12,15,'2017-10-28','11:00:00'),(47,5,2,14,16,19,22,'2017-10-28','13:00:00'),(48,5,2,13,15,7,15,'2017-10-28','13:00:00'),(49,6,2,9,13,12,12,'2017-11-04','14:15:00'),(50,6,2,10,14,12,11,'2017-11-04','13:00:00'),(51,6,2,11,15,19,5,'2017-11-04','13:00:00'),(52,6,2,12,16,7,3,'2017-11-04','13:00:00'),(53,7,2,9,15,12,10,'2017-11-11','13:00:00'),(54,7,2,10,16,5,7,'2017-11-11','13:00:00'),(55,7,2,11,13,4,11,'2017-11-11','13:00:00'),(56,7,2,12,14,15,31,'2017-11-11','13:15:00'),(57,1,3,17,18,15,12,'2017-10-08','11:00:00'),(58,1,3,19,20,6,19,'2017-10-08','11:00:00'),(59,1,3,21,22,9,7,'2017-10-08','11:15:00'),(60,1,3,23,24,0,28,'2017-10-08','11:15:00'),(61,2,3,17,24,12,9,'2017-10-15','11:00:00'),(62,2,3,19,22,12,14,'2017-10-15','11:00:00'),(63,2,3,21,20,19,19,'2017-10-15','11:15:00'),(64,2,3,23,18,0,28,'2017-10-15','11:15:00'),(65,3,3,17,22,12,17,'2017-10-22','11:00:00'),(66,3,3,19,24,15,9,'2017-10-22','11:00:00'),(67,3,3,21,18,28,14,'2017-10-22','11:15:00'),(68,3,3,23,20,0,61,'2017-10-22','11:15:00'),(69,4,3,17,20,15,6,'2017-10-29','11:00:00'),(70,4,3,19,18,6,9,'2017-10-29','11:15:00'),(71,4,3,21,24,9,25,'2017-10-29','11:15:00'),(72,4,3,23,22,25,22,'2017-10-29','11:45:00'),(73,5,3,18,20,15,11,'2017-11-05','11:00:00'),(74,5,3,17,19,22,41,'2017-11-05','11:15:00'),(75,5,3,22,24,6,13,'2017-11-05','11:15:00'),(76,5,3,21,23,9,10,'2017-11-05','11:00:00'),(77,6,3,17,21,19,9,'2017-11-12','11:15:00'),(78,6,3,18,22,11,5,'2017-11-12','11:00:00'),(79,6,3,19,23,28,0,'2017-11-12','11:05:00'),(80,6,3,20,24,0,15,'2017-11-12','11:10:00'),(81,7,3,17,23,22,26,'2017-11-19','11:00:00'),(82,7,3,18,24,15,12,'2017-11-19','11:15:00'),(83,7,3,19,21,11,11,'2017-11-19','11:15:00'),(84,7,3,20,22,13,12,'2017-11-19','11:00:00'),(85,1,4,1,2,12,20,'2018-10-06','14:00:00'),(86,1,4,3,4,14,6,'2018-10-06','14:00:00'),(87,1,4,5,6,7,9,'2018-10-06','14:00:00'),(88,1,4,7,8,14,30,'2018-10-06','14:15:00'),(89,2,4,1,8,17,21,'2018-10-13','14:00:00'),(90,2,4,3,6,19,5,'2018-10-13','14:00:00'),(91,2,4,5,4,14,5,'2018-10-13','14:00:00'),(92,2,4,7,2,12,17,'2018-10-13','14:15:00'),(93,3,4,1,6,14,33,'2018-10-20','14:00:00'),(94,3,4,3,8,11,17,'2018-10-20','14:00:00'),(95,3,4,5,2,NULL,NULL,'2018-10-20','14:00:00'),(96,3,4,7,4,9,5,'2018-10-20','14:15:00'),(97,4,4,1,4,14,20,'2018-10-27','14:00:00'),(98,4,4,3,2,12,33,'2018-10-27','14:00:00'),(99,4,4,5,8,12,33,'2018-10-27','14:00:00'),(100,4,4,7,6,14,19,'2018-10-27','14:15:00'),(101,5,4,2,4,41,19,'2018-10-27','14:00:00'),(102,5,4,1,3,0,28,'2018-10-27','14:00:00'),(103,5,4,6,8,14,17,'2018-10-27','14:00:00'),(104,5,4,5,7,12,17,'2018-10-27','14:15:00'),(105,6,4,1,5,7,7,'2018-11-03','14:00:00'),(106,6,4,2,6,17,11,'2018-11-03','14:00:00'),(107,6,4,3,7,41,36,'2018-11-03','14:00:00'),(108,6,4,4,8,14,31,'2018-11-03','14:00:00'),(109,7,4,1,7,0,28,'2018-11-10','14:00:00'),(110,7,4,2,8,26,20,'2018-11-10','14:00:00'),(111,7,4,3,5,12,11,'2018-11-10','14:00:00'),(112,7,4,4,6,11,18,'2018-11-10','14:15:00'),(113,1,5,9,10,11,27,'2018-10-06','13:00:00'),(114,1,5,11,12,5,46,'2018-10-06','13:00:00'),(115,1,5,13,14,0,19,'2018-10-06','13:00:00'),(116,1,5,15,16,12,17,'2018-10-06','13:15:00'),(117,2,5,9,16,15,27,'2018-10-13','13:00:00'),(118,2,5,11,14,28,19,'2018-10-13','13:00:00'),(119,2,5,13,12,28,32,'2018-10-13','13:00:00'),(120,2,5,15,10,14,5,'2018-10-13','13:15:00'),(121,3,5,9,14,20,5,'2018-10-20','13:00:00'),(122,3,5,11,16,17,24,'2018-10-20','13:00:00'),(123,3,5,13,10,19,29,'2018-10-20','13:00:00'),(124,3,5,15,12,14,11,'2018-10-20','13:15:00'),(125,4,5,9,12,14,17,'2018-10-27','13:00:00'),(126,4,5,11,10,11,24,'2018-10-27','13:00:00'),(127,4,5,13,16,5,7,'2018-10-27','13:00:00'),(128,4,5,15,14,0,5,'2018-10-27','13:15:00'),(129,5,5,10,12,12,20,'2018-10-27','13:00:00'),(130,5,5,9,11,12,20,'2018-10-27','11:00:00'),(131,5,5,14,16,14,27,'2018-10-27','13:00:00'),(132,5,5,13,15,7,20,'2018-10-27','13:00:00'),(133,6,5,9,13,12,17,'2018-11-03','14:15:00'),(134,6,5,10,14,12,11,'2018-11-03','13:00:00'),(135,6,5,11,15,14,5,'2018-11-03','13:00:00'),(136,6,5,12,16,7,3,'2018-11-03','13:00:00'),(137,7,5,9,15,12,10,'2018-11-10','13:00:00'),(138,7,5,10,16,5,7,'2018-11-10','13:00:00'),(139,7,5,11,13,4,11,'2018-11-10','13:00:00'),(140,7,5,12,14,15,36,'2018-11-10','13:15:00'),(141,1,6,17,18,15,17,'2018-10-07','11:00:00'),(142,1,6,19,20,6,24,'2018-10-07','11:00:00'),(143,1,6,21,22,9,7,'2018-10-07','11:15:00'),(144,1,6,23,24,20,24,'2018-10-07','11:15:00'),(145,2,6,17,24,12,9,'2018-10-14','11:00:00'),(146,2,6,19,22,12,19,'2018-10-14','11:00:00'),(147,2,6,21,20,14,24,'2018-10-14','11:15:00'),(148,2,6,23,18,0,28,'2018-10-14','11:15:00'),(149,3,6,17,22,12,22,'2018-10-21','11:00:00'),(150,3,6,19,24,15,9,'2018-10-21','11:00:00'),(151,3,6,21,18,28,19,'2018-10-21','11:15:00'),(152,3,6,23,20,0,5,'2018-10-21','11:15:00'),(153,4,6,17,20,15,6,'2018-10-28','11:00:00'),(154,4,6,19,18,6,9,'2018-10-28','11:15:00'),(155,4,6,21,24,9,30,'2018-10-28','11:15:00'),(156,4,6,23,22,20,27,'2018-10-28','11:45:00'),(157,5,6,18,20,15,11,'2018-11-04','11:00:00'),(158,5,6,17,19,17,46,'2018-11-04','11:15:00'),(159,5,6,22,24,6,18,'2018-11-04','11:15:00'),(160,5,6,21,23,9,8,'2018-11-04','11:00:00'),(161,6,6,17,21,14,9,'2018-11-11','11:15:00'),(162,6,6,18,22,11,5,'2018-11-11','11:00:00'),(163,6,6,19,23,5,4,'2018-11-11','11:05:00'),(164,6,6,20,24,0,20,'2018-11-11','11:10:00'),(165,7,6,17,23,17,13,'2018-11-18','11:00:00'),(166,7,6,18,24,15,17,'2018-11-18','11:15:00'),(167,7,6,19,21,11,11,'2018-11-18','11:15:00'),(168,7,6,20,22,0,28,'2018-11-18','11:00:00');
/*!40000 ALTER TABLE game ENABLE KEYS */;
UNLOCK TABLES;

--
-- Table structure for table player
--

DROP TABLE IF EXISTS player;
/*!40101 SET @saved_cs_client     = @@character_set_client */;
 SET character_set_client = utf8mb4 ;
CREATE TABLE player (
  PlayerID int(11) NOT NULL,
  FirstName varchar(45) NOT NULL,
  LastName varchar(45) NOT NULL,
  Sex enum('M','F') NOT NULL,
  PRIMARY KEY (PlayerID)
) ENGINE=InnoDB DEFAULT CHARSET=utf8mb4;
/*!40101 SET character_set_client = @saved_cs_client */;

--
-- Dumping data for table player
--

LOCK TABLES player WRITE;
/*!40000 ALTER TABLE player DISABLE KEYS */;
INSERT INTO player VALUES (101,'Arthur','Dayley','M'),(103,'Bruce','Banner','M'),(105,'Cory','Feldman','M'),(107,'Dave','Ganey','M'),(109,'Ernie','Muppet','M'),(111,'Forrest','Gump','M'),(113,'Graham','Greene','M'),(115,'Roger','Moore','M'),(117,'Steven','Spielberg','M'),(150,'Adam','Ant','M'),(152,'Brendan','Cowell','M'),(154,'Cooper','Cronk','M'),(156,'Dominic','West','M'),(158,'Eric','Bana','M'),(160,'Fidel','Castro','M'),(162,'Gerald','Moore','M'),(164,'Ralph','Fiennes','M'),(166,'Sandy','Pentland','M'),(201,'Sally','Davis','F'),(203,'Tiffany','Lightshade','F'),(205,'Barbara','Standwick','F'),(207,'Kate','Hudson','F'),(209,'Mia','Farrow','F'),(211,'Fiona','Bruce','F'),(213,'Rosalyn','McQuarrie','F'),(215,'Donna','Reed','F'),(217,'Lauren','Jackson','F'),(250,'Susanne','Hoffs','F'),(252,'Tabitha','Stephens','F'),(254,'Betty','Davis','F'),(256,'Karin','Carpenter','F'),(258,'Miranda','Kerr','F'),(260,'Frida','Kholo ','F'),(262,'Raelene','Boyle','F'),(264,'Delvine','Delaney','F'),(266,'Laverne','Murgatroyd','F'),(301,'Alex','Skaarsgard','M'),(303,'Brian','Blessed','M'),(305,'Callum','Hotspor','M'),(307,'Don','Dunstan','M'),(309,'Elias','Clarke','M'),(311,'Frank','Burns','M'),(313,'Gary','Steyngart','M'),(315,'Richard','Strauss','M'),(317,'Stuart','Mills','M'),(350,'Angelo','Santori','M'),(353,'Brock','Briers','M'),(356,'Collin','Firth','M'),(359,'Doug','Liman','M'),(362,'Elijah','Wood','M'),(365,'Fabio','Fabrizzi','M'),(368,'Gustav','Mahler','M'),(371,'Russell','Hammond','M'),(374,'Simon','Brown','M'),(401,'Sandra','Bullock','F'),(403,'Tonya','Harding','F'),(405,'Brittany','Beerstein','F'),(407,'Kimberley','Ranges','F'),(409,'Melanie','Griffith','F'),(411,'Francesca','Angelou','F'),(413,'Rosemary','Stanton','F'),(415,'Diane','Arbus','F'),(417,'Linda','Evangalista','F'),(450,'Stella','Artois','F'),(452,'Trudy','Bennett','F'),(454,'Bernyce','Findlay','F'),(456,'Katrina','Adams','F'),(458,'Michelle','Pfieffer','F'),(460,'Filicia','Dawes','F'),(462,'Rhonda','Bassett','F'),(464,'Deidre','Wescott','F'),(466,'Laura','Dern','F'),(501,'Arnold','Bax','M'),(504,'Broderick','Davis','M'),(507,'Chris','Reeve','M'),(510,'Damian','Elsevier','M'),(513,'Elliot','Gould','M'),(516,'Fabian','Dattner','M'),(519,'Glynn','Davis','M'),(522,'Randall','Thompson','M'),(525,'Seth','Greene','M'),(551,'Kermit','Frog','M'),(552,'Oscar','Grouch','M'),(553,'Fozzie','Bear','M'),(554,'Michael','Mouse','M'),(555,'Grover','LeGrouch','M'),(556,'Potato','Head','M'),(557,'Beaker','LeLab','M'),(558,'Gonzo','LeBeak','M'),(559,'Buzz','Lightyear','M'),(601,'Scarlett','O Hara','F'),(604,'Tina','Fey','F'),(607,'Bridget','Jones','F'),(610,'Kristina','Applegate','F'),(613,'Melinda','Gates','F'),(616,'Florence','Henderson','F'),(619,'Ruth','Prawer Jhabvala','F'),(622,'Diana','Rigg','F'),(625,'Lily','Tomlin','F'),(651,'Shirley','Temple','F'),(652,'Tasmin','Lewis','F'),(653,'Bella','LaStrange','F'),(654,'Kellie','McDonald','F'),(655,'Madalaine','Swan','F'),(656,'Faye','Dunaway','F'),(657,'Rachel','Berger','F'),(658,'Dorothy','Dix','F'),(659,'Linsday','Wagner','F'),(701,'Allan','Bennett','M'),(704,'Bevan','Jackson','M'),(707,'Conor','Dawes','M'),(710,'Dean','Semler','M'),(713,'Ethan','Hunt','M'),(716,'Finn','Wake','M'),(719,'Gunter','Schiller','M'),(722,'Ron','Howard','M'),(725,'Silvio','Auric','M'),(801,'Sylvia','Plath','F'),(804,'Theresa','May','F'),(807,'Beatrix','Potter','F'),(810,'Katarina','Waves','F'),(813,'Margaret','Thatcher','F'),(816,'Fern','Planter','F'),(819,'Rebecca','Empire','F'),(822,'Daphne','Chloes','F'),(825,'Lorraine','Pasquale','F'),(851,'Minnie','Mouse','F'),(852,'Piggy','Lee','F'),(853,'Helen ','Parr','F'),(854,'Joy','Out','F'),(855,'Snow','White','F'),(856,'Cinda','Rella ','F'),(857,'Fiona','Princess','F'),(858,'Bo','Peep','F'),(901,'Austin','Powers','M'),(904,'Ben','Dover','M'),(907,'Clint','Eastwood','M'),(910,'Darren','Lehman','M'),(913,'Eamon','Hawke','M'),(916,'Franklin','Mint','M'),(919,'Garret','Davis','M'),(922,'Ravi','Shankar','M'),(925,'Stefan','Edgberg','M'),(928,'Rod','Temperton','M');
/*!40000 ALTER TABLE player ENABLE KEYS */;
UNLOCK TABLES;

--
-- Table structure for table playerteam
--

DROP TABLE IF EXISTS playerteam;
/*!40101 SET @saved_cs_client     = @@character_set_client */;
 SET character_set_client = utf8mb4 ;
CREATE TABLE playerteam (
  PlayerID int(11) NOT NULL,
  TeamID int(11) NOT NULL,
  GameID int(11) NOT NULL,
  PRIMARY KEY (PlayerID,TeamID,GameID),
  KEY fk_PlayerTeam_Team1_idx (TeamID),
  KEY fk_PlayerTeam_Game1_idx (GameID),
  CONSTRAINT fk_PlayerTeam_Game1 FOREIGN KEY (GameID) REFERENCES game (GameID),
  CONSTRAINT fk_PlayerTeam_Player1 FOREIGN KEY (PlayerID) REFERENCES player (PlayerID),
  CONSTRAINT fk_PlayerTeam_Team1 FOREIGN KEY (TeamID) REFERENCES team (teamid)
) ENGINE=InnoDB DEFAULT CHARSET=utf8mb4;
/*!40101 SET character_set_client = @saved_cs_client */;

--
-- Dumping data for table playerteam
--

LOCK TABLES playerteam WRITE;
/*!40000 ALTER TABLE playerteam DISABLE KEYS */;
INSERT INTO playerteam VALUES (101,1,1),(101,1,5),(101,1,13),(101,1,18),(101,1,21),(101,1,85),(101,1,89),(101,1,97),(101,1,102),(101,1,105),(103,1,1),(103,1,5),(103,1,9),(103,1,13),(103,1,18),(103,1,21),(103,1,85),(103,1,89),(103,1,93),(103,1,97),(103,1,102),(103,1,105),(105,1,1),(105,1,5),(105,1,18),(105,1,21),(105,1,85),(105,1,89),(105,1,102),(105,1,105),(107,1,1),(107,1,9),(107,1,18),(107,1,21),(107,1,85),(107,1,93),(107,1,102),(107,1,105),(109,1,1),(109,1,9),(109,1,13),(109,1,18),(109,1,21),(109,1,85),(109,1,93),(109,1,97),(109,1,102),(109,1,105),(111,1,1),(111,1,5),(111,1,9),(111,1,13),(111,1,18),(111,1,21),(111,1,85),(111,1,89),(111,1,93),(111,1,97),(111,1,102),(111,1,105),(113,1,5),(113,1,9),(113,1,13),(113,1,89),(113,1,93),(113,1,97),(115,1,5),(115,1,9),(115,1,13),(115,1,89),(115,1,93),(115,1,97),(301,2,1),(301,2,8),(301,2,14),(301,2,17),(301,2,22),(301,2,85),(301,2,92),(301,2,98),(301,2,101),(301,2,106),(303,2,1),(303,2,8),(303,2,11),(303,2,14),(303,2,17),(303,2,22),(303,2,85),(303,2,92),(303,2,95),(303,2,98),(303,2,101),(303,2,106),(305,2,1),(305,2,8),(305,2,17),(305,2,22),(305,2,85),(305,2,92),(305,2,101),(305,2,106),(307,2,1),(307,2,11),(307,2,17),(307,2,22),(307,2,85),(307,2,95),(307,2,101),(307,2,106),(309,2,1),(309,2,11),(309,2,14),(309,2,17),(309,2,22),(309,2,85),(309,2,95),(309,2,98),(309,2,101),(309,2,106),(311,2,1),(311,2,8),(311,2,11),(311,2,14),(311,2,17),(311,2,22),(311,2,85),(311,2,92),(311,2,95),(311,2,98),(311,2,101),(311,2,106),(313,2,8),(313,2,11),(313,2,14),(313,2,92),(313,2,95),(313,2,98),(315,2,8),(315,2,11),(315,2,14),(315,2,92),(315,2,95),(315,2,98),(501,3,2),(501,3,6),(501,3,14),(501,3,18),(501,3,23),(501,3,86),(501,3,90),(501,3,98),(501,3,102),(501,3,107),(504,3,2),(504,3,6),(504,3,10),(504,3,14),(504,3,18),(504,3,23),(504,3,86),(504,3,90),(504,3,94),(504,3,98),(504,3,102),(504,3,107),(507,3,2),(507,3,6),(507,3,18),(507,3,23),(507,3,86),(507,3,90),(507,3,102),(507,3,107),(510,3,2),(510,3,10),(510,3,18),(510,3,23),(510,3,86),(510,3,94),(510,3,102),(510,3,107),(513,3,2),(513,3,10),(513,3,14),(513,3,18),(513,3,23),(513,3,86),(513,3,94),(513,3,98),(513,3,102),(513,3,107),(516,3,2),(516,3,6),(516,3,10),(516,3,14),(516,3,18),(516,3,23),(516,3,86),(516,3,90),(516,3,94),(516,3,98),(516,3,102),(516,3,107),(519,3,6),(519,3,10),(519,3,14),(519,3,90),(519,3,94),(519,3,98),(522,3,6),(522,3,10),(522,3,14),(522,3,90),(522,3,94),(522,3,98),(701,4,2),(701,4,7),(701,4,13),(701,4,17),(701,4,24),(701,4,86),(701,4,91),(701,4,97),(701,4,101),(701,4,108),(704,4,2),(704,4,7),(704,4,12),(704,4,13),(704,4,17),(704,4,24),(704,4,86),(704,4,91),(704,4,96),(704,4,97),(704,4,101),(704,4,108),(707,4,2),(707,4,7),(707,4,17),(707,4,24),(707,4,86),(707,4,91),(707,4,101),(707,4,108),(710,4,2),(710,4,12),(710,4,17),(710,4,24),(710,4,86),(710,4,96),(710,4,101),(710,4,108),(713,4,2),(713,4,12),(713,4,13),(713,4,17),(713,4,24),(713,4,86),(713,4,96),(713,4,97),(713,4,101),(713,4,108),(716,4,2),(716,4,7),(716,4,12),(716,4,13),(716,4,17),(716,4,24),(716,4,86),(716,4,91),(716,4,96),(716,4,97),(716,4,101),(716,4,108),(719,4,7),(719,4,12),(719,4,13),(719,4,91),(719,4,96),(719,4,97),(722,4,7),(722,4,12),(722,4,13),(722,4,91),(722,4,96),(722,4,97),(901,5,3),(910,5,7),(901,5,15),(901,5,20),(901,5,21),(901,5,87),(901,5,91),(901,5,99),(901,5,104),(901,5,105),(904,5,3),(904,5,7),(904,5,11),(904,5,15),(904,5,20),(904,5,21),(904,5,87),(904,5,91),(904,5,95),(904,5,99),(904,5,104),(904,5,105),(907,5,3),(907,5,7),(907,5,11),(907,5,20),(907,5,21),(907,5,87),(907,5,91),(907,5,95),(907,5,104),(907,5,105),(913,5,3),(913,5,11),(913,5,15),(913,5,20),(913,5,21),(913,5,87),(913,5,95),(913,5,99),(913,5,104),(913,5,105),(916,5,3),(916,5,7),(916,5,11),(916,5,15),(916,5,20),(916,5,21),(916,5,87),(916,5,91),(916,5,95),(916,5,99),(916,5,104),(916,5,105),(919,5,3),(919,5,7),(919,5,11),(919,5,15),(919,5,20),(919,5,21),(919,5,91),(919,5,95),(919,5,99),(922,5,7),(922,5,11),(922,5,15),(922,5,91),(922,5,95),(922,5,99),(922,5,104),(922,5,105),(925,5,87),(150,6,3),(150,6,6),(150,6,19),(150,6,22),(150,6,87),(150,6,90),(150,6,103),(150,6,106),(152,6,3),(152,6,6),(152,6,9),(152,6,19),(152,6,22),(152,6,87),(152,6,90),(152,6,93),(152,6,103),(152,6,106),(154,6,3),(154,6,6),(154,6,19),(154,6,22),(154,6,87),(154,6,90),(154,6,103),(154,6,106),(156,6,3),(156,6,9),(156,6,19),(156,6,22),(156,6,87),(156,6,93),(156,6,103),(156,6,106),(158,6,3),(158,6,9),(158,6,19),(158,6,22),(158,6,87),(158,6,93),(158,6,103),(158,6,106),(160,6,3),(160,6,6),(160,6,9),(160,6,19),(160,6,22),(160,6,87),(160,6,90),(160,6,93),(160,6,103),(160,6,106),(162,6,6),(162,6,9),(162,6,90),(162,6,93),(164,6,6),(164,6,9),(164,6,90),(164,6,93),(450,6,16),(450,6,100),(452,6,16),(452,6,100),(454,6,16),(454,6,100),(616,6,16),(616,6,100),(619,6,16),(619,6,100),(622,6,16),(622,6,100),(350,7,4),(350,7,8),(350,7,16),(350,7,20),(350,7,23),(350,7,88),(350,7,92),(350,7,100),(350,7,104),(350,7,107),(353,7,4),(353,7,8),(353,7,12),(353,7,16),(353,7,20),(353,7,23),(353,7,88),(353,7,92),(353,7,96),(353,7,100),(353,7,104),(353,7,107),(356,7,4),(356,7,8),(356,7,20),(356,7,23),(356,7,88),(356,7,92),(356,7,104),(356,7,107),(359,7,4),(359,7,12),(359,7,20),(359,7,23),(359,7,88),(359,7,96),(359,7,104),(359,7,107),(362,7,4),(362,7,12),(362,7,16),(362,7,20),(362,7,23),(362,7,88),(362,7,96),(362,7,100),(362,7,104),(362,7,107),(365,7,4),(365,7,8),(365,7,12),(365,7,16),(365,7,20),(365,7,23),(365,7,88),(365,7,92),(365,7,96),(365,7,100),(365,7,104),(365,7,107),(368,7,8),(368,7,12),(368,7,16),(368,7,92),(368,7,96),(368,7,100),(371,7,8),(371,7,12),(371,7,16),(371,7,92),(371,7,96),(371,7,100),(551,8,4),(551,8,5),(551,8,15),(551,8,19),(551,8,24),(551,8,88),(551,8,89),(551,8,99),(551,8,103),(551,8,108),(552,8,4),(552,8,5),(552,8,10),(552,8,15),(552,8,19),(552,8,24),(552,8,88),(552,8,89),(552,8,94),(552,8,99),(552,8,103),(552,8,108),(553,8,4),(553,8,5),(553,8,19),(553,8,24),(553,8,88),(553,8,89),(553,8,103),(553,8,108),(554,8,4),(554,8,10),(554,8,19),(554,8,24),(554,8,88),(554,8,94),(554,8,103),(554,8,108),(555,8,4),(555,8,10),(555,8,15),(555,8,19),(555,8,24),(555,8,88),(555,8,94),(555,8,99),(555,8,103),(555,8,108),(556,8,4),(556,8,5),(556,8,10),(556,8,15),(556,8,19),(556,8,24),(556,8,88),(556,8,89),(556,8,94),(556,8,99),(556,8,103),(556,8,108),(558,8,5),(558,8,10),(558,8,15),(558,8,89),(558,8,94),(558,8,99),(559,8,5),(559,8,10),(559,8,15),(559,8,89),(559,8,94),(559,8,99),(201,9,29),(201,9,33),(201,9,41),(201,9,46),(201,9,49),(201,9,113),(201,9,117),(201,9,125),(201,9,130),(201,9,133),(203,9,29),(203,9,33),(203,9,37),(203,9,41),(203,9,46),(203,9,49),(203,9,113),(203,9,117),(203,9,121),(203,9,125),(203,9,130),(203,9,133),(205,9,29),(205,9,33),(205,9,41),(205,9,49),(205,9,53),(205,9,113),(205,9,117),(205,9,125),(205,9,133),(207,9,29),(207,9,37),(207,9,49),(207,9,53),(207,9,113),(207,9,121),(207,9,133),(209,9,29),(209,9,37),(209,9,46),(209,9,49),(209,9,53),(209,9,113),(209,9,121),(209,9,130),(209,9,133),(211,9,29),(211,9,33),(211,9,37),(211,9,41),(211,9,46),(211,9,49),(211,9,53),(211,9,113),(211,9,117),(211,9,121),(211,9,125),(211,9,130),(211,9,133),(213,9,33),(213,9,37),(213,9,41),(213,9,46),(213,9,53),(213,9,117),(213,9,121),(213,9,125),(213,9,130),(215,9,33),(215,9,37),(215,9,41),(215,9,46),(215,9,53),(215,9,117),(215,9,121),(215,9,125),(215,9,130),(401,10,29),(401,10,36),(401,10,42),(401,10,45),(401,10,50),(401,10,113),(401,10,120),(401,10,126),(401,10,129),(401,10,134),(403,10,29),(403,10,36),(403,10,39),(403,10,42),(403,10,45),(403,10,50),(403,10,113),(403,10,120),(403,10,123),(403,10,126),(403,10,129),(403,10,134),(405,10,29),(405,10,36),(405,10,42),(405,10,50),(405,10,54),(405,10,113),(405,10,120),(405,10,126),(405,10,134),(407,10,29),(407,10,39),(407,10,50),(407,10,54),(407,10,113),(407,10,123),(407,10,134),(409,10,29),(409,10,39),(409,10,45),(409,10,50),(409,10,54),(409,10,113),(409,10,123),(409,10,129),(409,10,134),(411,10,29),(411,10,36),(411,10,39),(411,10,42),(411,10,45),(411,10,50),(411,10,54),(411,10,113),(411,10,120),(411,10,123),(411,10,126),(411,10,129),(411,10,134),(413,10,36),(413,10,39),(413,10,42),(413,10,45),(413,10,54),(413,10,120),(413,10,123),(413,10,126),(413,10,129),(415,10,36),(415,10,39),(415,10,42),(415,10,45),(415,10,54),(415,10,120),(415,10,123),(415,10,126),(415,10,129),(601,11,30),(601,11,34),(601,11,42),(601,11,46),(601,11,51),(601,11,114),(601,11,118),(601,11,126),(601,11,130),(601,11,135),(604,11,30),(604,11,34),(604,11,38),(604,11,42),(604,11,46),(604,11,51),(604,11,114),(604,11,118),(604,11,122),(604,11,126),(604,11,130),(604,11,135),(607,11,30),(607,11,34),(607,11,42),(607,11,51),(607,11,55),(607,11,114),(607,11,118),(607,11,126),(607,11,135),(610,11,30),(610,11,38),(610,11,51),(610,11,55),(610,11,114),(610,11,122),(610,11,135),(613,11,30),(613,11,38),(613,11,46),(613,11,51),(613,11,55),(613,11,114),(613,11,122),(613,11,130),(613,11,135),(616,11,30),(616,11,34),(616,11,38),(616,11,42),(616,11,46),(616,11,51),(616,11,55),(616,11,114),(616,11,118),(616,11,122),(616,11,126),(616,11,130),(616,11,135),(619,11,34),(619,11,38),(619,11,42),(619,11,46),(619,11,55),(619,11,118),(619,11,122),(619,11,126),(619,11,130),(622,11,34),(622,11,38),(622,11,42),(622,11,46),(622,11,55),(622,11,118),(622,11,122),(622,11,126),(622,11,130),(801,12,30),(801,12,35),(801,12,41),(801,12,45),(801,12,52),(801,12,114),(801,12,119),(801,12,125),(801,12,129),(801,12,136),(804,12,30),(804,12,35),(804,12,40),(804,12,41),(804,12,45),(804,12,52),(804,12,114),(804,12,119),(804,12,124),(804,12,125),(804,12,129),(804,12,136),(807,12,30),(807,12,35),(807,12,41),(807,12,52),(807,12,56),(807,12,114),(807,12,119),(807,12,125),(807,12,136),(810,12,30),(810,12,40),(810,12,52),(810,12,56),(810,12,114),(810,12,124),(810,12,136),(813,12,30),(813,12,40),(813,12,45),(813,12,52),(813,12,56),(813,12,114),(813,12,124),(813,12,129),(813,12,136),(816,12,30),(816,12,35),(816,12,40),(816,12,41),(816,12,45),(816,12,52),(816,12,56),(816,12,114),(816,12,119),(816,12,124),(816,12,125),(816,12,129),(816,12,136),(819,12,35),(819,12,40),(819,12,41),(819,12,45),(819,12,56),(819,12,119),(819,12,124),(819,12,125),(819,12,129),(822,12,35),(822,12,40),(822,12,41),(822,12,45),(822,12,56),(822,12,119),(822,12,124),(822,12,125),(822,12,129),(250,13,31),(250,13,35),(250,13,43),(250,13,48),(250,13,49),(250,13,115),(250,13,119),(250,13,127),(250,13,132),(250,13,133),(252,13,31),(252,13,35),(252,13,39),(252,13,43),(252,13,48),(252,13,49),(252,13,115),(252,13,119),(252,13,123),(252,13,127),(252,13,132),(252,13,133),(254,13,31),(254,13,35),(254,13,43),(254,13,49),(254,13,55),(254,13,115),(254,13,119),(254,13,127),(254,13,133),(256,13,31),(256,13,39),(256,13,49),(256,13,55),(256,13,115),(256,13,123),(256,13,133),(258,13,31),(258,13,39),(258,13,48),(258,13,49),(258,13,55),(258,13,115),(258,13,123),(258,13,132),(258,13,133),(260,13,31),(260,13,35),(260,13,39),(260,13,43),(260,13,48),(260,13,49),(260,13,55),(260,13,115),(260,13,119),(260,13,123),(260,13,127),(260,13,132),(260,13,133),(262,13,35),(262,13,39),(262,13,43),(262,13,48),(262,13,55),(262,13,119),(262,13,123),(262,13,127),(262,13,132),(264,13,55),(266,13,35),(266,13,39),(266,13,43),(266,13,48),(266,13,119),(266,13,123),(266,13,127),(266,13,132),(450,14,31),(450,14,34),(450,14,44),(450,14,47),(450,14,50),(450,14,115),(450,14,118),(450,14,128),(450,14,131),(450,14,134),(452,14,31),(452,14,34),(452,14,37),(452,14,44),(452,14,47),(452,14,50),(452,14,115),(452,14,118),(452,14,121),(452,14,128),(452,14,131),(452,14,134),(454,14,31),(454,14,34),(454,14,44),(454,14,50),(454,14,56),(454,14,115),(454,14,118),(454,14,128),(454,14,134),(456,14,31),(456,14,37),(456,14,50),(456,14,56),(456,14,115),(456,14,121),(456,14,134),(458,14,31),(458,14,37),(458,14,47),(458,14,50),(458,14,56),(458,14,115),(458,14,121),(458,14,131),(458,14,134),(460,14,31),(460,14,34),(460,14,37),(460,14,44),(460,14,47),(460,14,50),(460,14,56),(460,14,115),(460,14,118),(460,14,121),(460,14,128),(460,14,131),(460,14,134),(462,14,34),(462,14,37),(462,14,44),(462,14,47),(462,14,56),(462,14,118),(462,14,121),(462,14,128),(462,14,131),(464,14,34),(464,14,37),(464,14,44),(464,14,47),(464,14,56),(464,14,118),(464,14,121),(464,14,128),(464,14,131),(651,15,32),(651,15,36),(651,15,44),(651,15,48),(651,15,51),(651,15,116),(651,15,120),(651,15,128),(651,15,132),(651,15,135),(652,15,32),(652,15,36),(652,15,40),(652,15,44),(652,15,48),(652,15,51),(652,15,116),(652,15,120),(652,15,124),(652,15,128),(652,15,132),(652,15,135),(653,15,32),(653,15,36),(653,15,44),(653,15,51),(653,15,53),(653,15,116),(653,15,120),(653,15,128),(653,15,135),(654,15,32),(654,15,40),(654,15,51),(654,15,53),(654,15,116),(654,15,124),(654,15,135),(655,15,32),(655,15,40),(655,15,48),(655,15,51),(655,15,53),(655,15,116),(655,15,124),(655,15,132),(655,15,135),(656,15,32),(656,15,36),(656,15,40),(656,15,44),(656,15,48),(656,15,51),(656,15,53),(656,15,116),(656,15,120),(656,15,124),(656,15,128),(656,15,132),(656,15,135),(657,15,36),(657,15,40),(657,15,44),(657,15,48),(657,15,53),(657,15,120),(657,15,124),(657,15,128),(657,15,132),(658,15,36),(658,15,40),(658,15,44),(658,15,48),(658,15,53),(658,15,120),(658,15,124),(658,15,128),(658,15,132),(851,16,32),(851,16,33),(851,16,43),(851,16,47),(851,16,52),(851,16,116),(851,16,117),(851,16,127),(851,16,131),(851,16,136),(852,16,32),(852,16,33),(852,16,38),(852,16,43),(852,16,47),(852,16,52),(852,16,116),(852,16,117),(852,16,122),(852,16,127),(852,16,131),(852,16,136),(853,16,32),(853,16,33),(853,16,43),(853,16,52),(853,16,54),(853,16,116),(853,16,117),(853,16,127),(853,16,136),(854,16,32),(854,16,38),(854,16,52),(854,16,54),(854,16,116),(854,16,122),(854,16,136),(855,16,32),(855,16,38),(855,16,47),(855,16,52),(855,16,54),(855,16,116),(855,16,122),(855,16,131),(855,16,136),(856,16,32),(856,16,33),(856,16,38),(856,16,43),(856,16,47),(856,16,52),(856,16,54),(856,16,116),(856,16,117),(856,16,122),(856,16,127),(856,16,131),(856,16,136),(857,16,33),(857,16,38),(857,16,43),(857,16,47),(857,16,54),(857,16,117),(857,16,122),(857,16,127),(857,16,131),(858,16,33),(858,16,38),(858,16,43),(858,16,47),(858,16,54),(858,16,117),(858,16,122),(858,16,127),(858,16,131),(101,17,57),(101,17,77),(101,17,81),(101,17,141),(101,17,161),(101,17,165),(103,17,57),(103,17,61),(103,17,81),(103,17,141),(103,17,145),(103,17,165),(105,17,61),(105,17,81),(105,17,145),(105,17,165),(109,17,65),(109,17,149),(111,17,65),(111,17,69),(111,17,149),(111,17,153),(113,17,69),(113,17,74),(113,17,153),(113,17,158),(115,17,74),(115,17,77),(115,17,158),(115,17,161),(117,17,57),(117,17,61),(117,17,65),(117,17,69),(117,17,74),(117,17,77),(117,17,141),(117,17,145),(117,17,149),(117,17,153),(117,17,158),(117,17,161),(201,17,61),(201,17,77),(201,17,81),(201,17,145),(201,17,161),(201,17,165),(203,17,61),(203,17,81),(203,17,145),(203,17,165),(205,17,81),(205,17,165),(207,17,65),(207,17,149),(211,17,65),(211,17,69),(211,17,149),(211,17,153),(213,17,57),(213,17,69),(213,17,74),(213,17,141),(213,17,153),(213,17,158),(215,17,57),(215,17,61),(215,17,69),(215,17,74),(215,17,77),(215,17,141),(215,17,145),(215,17,153),(215,17,158),(215,17,161),(217,17,57),(217,17,65),(217,17,74),(217,17,77),(217,17,141),(217,17,149),(217,17,158),(217,17,161),(301,18,57),(301,18,78),(301,18,82),(301,18,141),(301,18,162),(301,18,166),(303,18,57),(303,18,64),(303,18,82),(303,18,141),(303,18,148),(303,18,166),(305,18,64),(305,18,148),(309,18,67),(309,18,151),(311,18,67),(311,18,70),(311,18,151),(311,18,154),(313,18,70),(313,18,73),(313,18,154),(313,18,157),(315,18,73),(315,18,78),(315,18,157),(315,18,162),(317,18,57),(317,18,64),(317,18,67),(317,18,70),(317,18,73),(317,18,78),(317,18,141),(317,18,148),(317,18,151),(317,18,154),(317,18,157),(317,18,162),(401,18,64),(401,18,78),(401,18,82),(401,18,148),(401,18,162),(401,18,166),(403,18,82),(403,18,166),(405,18,64),(405,18,82),(405,18,148),(405,18,166),(407,18,67),(407,18,82),(407,18,151),(407,18,166),(411,18,67),(411,18,70),(411,18,151),(411,18,154),(413,18,57),(413,18,70),(413,18,73),(413,18,141),(413,18,154),(413,18,157),(415,18,57),(415,18,70),(415,18,73),(415,18,78),(415,18,141),(415,18,154),(415,18,157),(415,18,162),(417,18,57),(417,18,64),(417,18,67),(417,18,73),(417,18,78),(417,18,141),(417,18,148),(417,18,151),(417,18,157),(417,18,162),(301,19,79),(301,19,163),(313,19,74),(313,19,158),(315,19,74),(315,19,79),(315,19,158),(315,19,163),(317,19,74),(317,19,79),(317,19,158),(317,19,163),(501,19,58),(501,19,83),(501,19,142),(501,19,167),(504,19,58),(504,19,62),(504,19,83),(504,19,142),(504,19,146),(504,19,167),(507,19,62),(507,19,83),(507,19,146),(507,19,167),(513,19,66),(513,19,150),(516,19,66),(516,19,70),(516,19,150),(516,19,154),(519,19,70),(519,19,154),(525,19,58),(525,19,62),(525,19,66),(525,19,70),(525,19,142),(525,19,146),(525,19,150),(525,19,154),(601,19,62),(601,19,79),(601,19,83),(601,19,146),(601,19,163),(601,19,167),(604,19,62),(604,19,83),(604,19,146),(604,19,167),(607,19,83),(607,19,167),(610,19,66),(610,19,150),(616,19,66),(616,19,70),(616,19,150),(616,19,154),(619,19,58),(619,19,70),(619,19,74),(619,19,142),(619,19,154),(619,19,158),(622,19,58),(622,19,62),(622,19,70),(622,19,74),(622,19,79),(622,19,142),(622,19,146),(622,19,154),(622,19,158),(622,19,163),(625,19,58),(625,19,66),(625,19,74),(625,19,79),(625,19,142),(625,19,150),(625,19,158),(625,19,163),(701,20,58),(701,20,80),(701,20,84),(701,20,142),(701,20,164),(701,20,168),(704,20,58),(704,20,63),(704,20,84),(704,20,142),(704,20,147),(704,20,168),(707,20,63),(707,20,147),(713,20,68),(713,20,152),(716,20,68),(716,20,69),(716,20,152),(716,20,153),(719,20,69),(719,20,73),(719,20,153),(719,20,157),(722,20,73),(722,20,80),(722,20,157),(722,20,164),(725,20,58),(725,20,63),(725,20,68),(725,20,69),(725,20,73),(725,20,80),(725,20,142),(725,20,147),(725,20,152),(725,20,153),(725,20,157),(725,20,164),(801,20,63),(801,20,80),(801,20,84),(801,20,147),(801,20,164),(801,20,168),(804,20,84),(804,20,168),(807,20,63),(807,20,84),(807,20,147),(807,20,168),(810,20,68),(810,20,69),(810,20,84),(810,20,152),(810,20,153),(810,20,168),(813,20,69),(813,20,153),(816,20,68),(816,20,69),(816,20,152),(816,20,153),(819,20,58),(819,20,73),(819,20,142),(819,20,157),(822,20,58),(822,20,63),(822,20,73),(822,20,80),(822,20,142),(822,20,147),(822,20,157),(822,20,164),(825,20,58),(825,20,68),(825,20,73),(825,20,80),(825,20,142),(825,20,152),(825,20,157),(825,20,164),(250,21,77),(250,21,83),(250,21,161),(250,21,167),(252,21,63),(252,21,83),(252,21,147),(252,21,167),(254,21,63),(254,21,83),(254,21,147),(254,21,167),(256,21,67),(256,21,151),(258,21,67),(258,21,151),(260,21,71),(260,21,155),(262,21,59),(262,21,71),(262,21,76),(262,21,143),(262,21,155),(262,21,160),(264,21,59),(264,21,63),(264,21,71),(264,21,76),(264,21,77),(264,21,143),(264,21,147),(264,21,155),(264,21,160),(264,21,161),(266,21,59),(266,21,67),(266,21,76),(266,21,77),(266,21,143),(266,21,151),(266,21,160),(266,21,161),(901,21,59),(901,21,77),(901,21,83),(901,21,143),(901,21,161),(901,21,167),(904,21,59),(904,21,63),(904,21,83),(904,21,143),(904,21,147),(904,21,167),(907,21,63),(907,21,83),(907,21,147),(907,21,167),(913,21,67),(913,21,151),(916,21,67),(916,21,71),(916,21,151),(916,21,155),(919,21,71),(919,21,76),(919,21,155),(919,21,160),(922,21,76),(922,21,77),(922,21,160),(922,21,161),(925,21,59),(925,21,63),(925,21,67),(925,21,71),(925,21,76),(925,21,77),(925,21,143),(925,21,147),(925,21,151),(925,21,155),(925,21,160),(925,21,161),(150,22,59),(150,22,78),(150,22,84),(150,22,143),(150,22,162),(150,22,168),(152,22,59),(152,22,62),(152,22,84),(152,22,143),(152,22,146),(152,22,168),(154,22,62),(154,22,84),(154,22,146),(154,22,168),(156,22,59),(156,22,143),(158,22,65),(158,22,149),(160,22,65),(160,22,72),(160,22,149),(160,22,156),(162,22,72),(162,22,75),(162,22,156),(162,22,159),(164,22,75),(164,22,78),(164,22,159),(164,22,162),(166,22,62),(166,22,65),(166,22,72),(166,22,75),(166,22,78),(166,22,146),(166,22,149),(166,22,156),(166,22,159),(166,22,162),(450,22,62),(450,22,78),(450,22,84),(450,22,146),(450,22,162),(450,22,168),(452,22,84),(452,22,168),(454,22,62),(454,22,84),(454,22,146),(454,22,168),(456,22,65),(456,22,149),(460,22,65),(460,22,72),(460,22,149),(460,22,156),(462,22,59),(462,22,72),(462,22,75),(462,22,143),(462,22,156),(462,22,159),(464,22,59),(464,22,62),(464,22,72),(464,22,75),(464,22,78),(464,22,143),(464,22,146),(464,22,156),(464,22,159),(464,22,162),(466,22,59),(466,22,65),(466,22,75),(466,22,78),(466,22,143),(466,22,149),(466,22,159),(466,22,162),(350,23,60),(350,23,79),(350,23,81),(350,23,144),(350,23,163),(350,23,165),(353,23,60),(353,23,64),(353,23,81),(353,23,144),(353,23,148),(353,23,165),(356,23,64),(356,23,81),(356,23,148),(356,23,165),(362,23,68),(362,23,152),(365,23,68),(365,23,72),(365,23,152),(365,23,156),(368,23,72),(368,23,76),(368,23,156),(368,23,160),(371,23,76),(371,23,79),(371,23,160),(371,23,163),(374,23,60),(374,23,64),(374,23,68),(374,23,72),(374,23,76),(374,23,79),(374,23,144),(374,23,148),(374,23,152),(374,23,156),(374,23,160),(374,23,163),(651,23,64),(651,23,79),(651,23,81),(651,23,148),(651,23,163),(651,23,165),(652,23,81),(652,23,165),(653,23,64),(653,23,148),(654,23,68),(654,23,152),(656,23,68),(656,23,72),(656,23,152),(656,23,156),(657,23,60),(657,23,72),(657,23,76),(657,23,144),(657,23,156),(657,23,160),(658,23,60),(658,23,72),(658,23,76),(658,23,79),(658,23,144),(658,23,156),(658,23,160),(658,23,163),(659,23,60),(659,23,64),(659,23,68),(659,23,76),(659,23,79),(659,23,81),(659,23,144),(659,23,148),(659,23,152),(659,23,160),(659,23,163),(659,23,165),(551,24,60),(551,24,80),(551,24,82),(551,24,144),(551,24,164),(551,24,166),(552,24,60),(552,24,61),(552,24,82),(552,24,144),(552,24,145),(552,24,166),(553,24,60),(553,24,61),(553,24,82),(553,24,144),(553,24,145),(553,24,166),(555,24,66),(555,24,150),(556,24,66),(556,24,71),(556,24,150),(556,24,155),(557,24,71),(557,24,75),(557,24,155),(557,24,159),(558,24,75),(558,24,80),(558,24,159),(558,24,164),(559,24,61),(559,24,66),(559,24,71),(559,24,75),(559,24,80),(559,24,145),(559,24,150),(559,24,155),(559,24,159),(559,24,164),(851,24,61),(851,24,80),(851,24,145),(851,24,164),(852,24,82),(852,24,166),(853,24,61),(853,24,82),(853,24,145),(853,24,166),(854,24,66),(854,24,150),(856,24,60),(856,24,66),(856,24,71),(856,24,75),(856,24,144),(856,24,150),(856,24,155),(856,24,159),(857,24,60),(857,24,71),(857,24,75),(857,24,80),(857,24,144),(857,24,155),(857,24,159),(857,24,164),(858,24,60),(858,24,61),(858,24,66),(858,24,71),(858,24,75),(858,24,80),(858,24,82),(858,24,144),(858,24,145),(858,24,150),(858,24,155),(858,24,159),(858,24,164),(858,24,166);
/*!40000 ALTER TABLE playerteam ENABLE KEYS */;
UNLOCK TABLES;

--
-- Table structure for table season
--

DROP TABLE IF EXISTS season;
/*!40101 SET @saved_cs_client     = @@character_set_client */;
 SET character_set_client = utf8mb4 ;
CREATE TABLE season (
  SeasonID int(11) NOT NULL,
  SeasonYear year(4) NOT NULL,
  CompetitionID int(11) NOT NULL,
  PRIMARY KEY (SeasonID),
  KEY fk_Season_Competition1_idx (CompetitionID),
  CONSTRAINT fk_Season_Competition1 FOREIGN KEY (CompetitionID) REFERENCES competition (CompetitionID)
) ENGINE=InnoDB DEFAULT CHARSET=utf8mb4;
/*!40101 SET character_set_client = @saved_cs_client */;

--
-- Dumping data for table season
--

LOCK TABLES season WRITE;
/*!40000 ALTER TABLE season DISABLE KEYS */;
INSERT INTO season VALUES (1,2017,1),(2,2017,2),(3,2017,3),(4,2018,1),(5,2018,2),(6,2018,3);
/*!40000 ALTER TABLE season ENABLE KEYS */;
UNLOCK TABLES;

--
-- Table structure for table team
--

DROP TABLE IF EXISTS team;
/*!40101 SET @saved_cs_client     = @@character_set_client */;
 SET character_set_client = utf8mb4 ;
CREATE TABLE team (
  TeamID int(11) NOT NULL,
  TeamName varchar(45) NOT NULL,
  TeamType varchar(25) NOT NULL,
  ClubID int(11) NOT NULL,
  PRIMARY KEY (TeamID),
  KEY fk_Team_Club1_idx (ClubID),
  CONSTRAINT fk_Team_Club1 FOREIGN KEY (ClubID) REFERENCES club (ClubID)
) ENGINE=InnoDB DEFAULT CHARSET=utf8mb4;
/*!40101 SET character_set_client = @saved_cs_client */;

--
-- Dumping data for table team
--

LOCK TABLES team WRITE;
/*!40000 ALTER TABLE team DISABLE KEYS */;
INSERT INTO team VALUES (1,'Powerhouse Men','Men 6-a-side',17),(2,'Melbourne Uni Men','Men 6-a-side',1),(3,'Monash Uni Men','Men 6-a-side',813),(4,'Melbourne City Men','Men 6-a-side',2),(5,'Harlequin Men','Men 6-a-side',72),(6,'Moorabbin Men','Men 6-a-side',113),(7,'Footscray Men','Men 6-a-side',4),(8,'Animatus Men','Men 6-a-side',291),(9,'Powerhouse Women','Women 6-a-side',17),(10,'Melbourne Uni Women','Women 6-a-side',1),(11,'Monash Uni Women','Women 6-a-side',813),(12,'Melbourne City Women','Women 6-a-side',2),(13,'Harlequin Women','Women 6-a-side',72),(14,'Moorabbin Women','Women 6-a-side',113),(15,'Footscray Women','Women 6-a-side',4),(16,'Animatus Women','Women 6-a-side',291),(17,'Powerhouse mixed','Mixed 6-a-side',17),(18,'Melbourne Uni Mixed','Mixed 6-a-side',1),(19,'Monash Uni Mixed','Mixed 6-a-side',813),(20,'Melbourne City Mixed','Mixed 6-a-side',2),(21,'Harlequin Mixed','Mixed 6-a-side',72),(22,'Moorabbin Mixed','Mixed 6-a-side',113),(23,'Footscray Mixed','Mixed 6-a-side',4),(24,'Animatus Mixed','Mixed 6-a-side',291);
/*!40000 ALTER TABLE team ENABLE KEYS */;
UNLOCK TABLES;
/*!40103 SET TIME_ZONE=@OLD_TIME_ZONE */;

/*!40101 SET SQL_MODE=@OLD_SQL_MODE */;
/*!40014 SET FOREIGN_KEY_CHECKS=@OLD_FOREIGN_KEY_CHECKS */;
/*!40014 SET UNIQUE_CHECKS=@OLD_UNIQUE_CHECKS */;
/*!40101 SET CHARACTER_SET_CLIENT=@OLD_CHARACTER_SET_CLIENT */;
/*!40101 SET CHARACTER_SET_RESULTS=@OLD_CHARACTER_SET_RESULTS */;
/*!40101 SET COLLATION_CONNECTION=@OLD_COLLATION_CONNECTION */;
/*!40111 SET SQL_NOTES=@OLD_SQL_NOTES */;

-- Just in case commit all changes 
COMMIT;
-- 
